Pucked Up,Pucked UP
Seekers,SEEKZERS
Beginner Indies,Beg Indies,Beginner Indies 01,Beginner Indies 1,1 Beginner Indy,Indies 1,Casual Indies,3 Beginner Indy,Beginner Indies 2
Honey Nut Chelios
The Mighty Dads
Smooth Liquid Thunder,Smooth Liquid Thunder!
C Cups,C-Cups
Zamboni Riding Marmots
Chasers
Pucking Optometry
Specs Offenders
Gerihattricks
David R Ceriton School of Super Friends,
Puck Bunnies
Punctal Plugs
The Penetrators
East Side Dusters
Lil Samureyes,LIL' SAMUREYES,Samureyes
Keepers
G-Rebels,Grebels
SciSoc Ice Hockey
Sci-Hawks
They Didnt Score Last Night Either
Teach Me How to Doughty,Teach Me How to Doughty 2.0
Brian Burkes Team
Dirty Mike & the Boys
Sofa King Good
Jedeyes
Beaners
Optical Prime
Caucasian Invasian
C'ing Eye Dawgs
The Giggly Gumdrops
Dustin Pennertration
SE-Men
Team Watson
Flying Pucks
The Strong Forks
Alaskan Oil Exchange 6.9
The Big Mason Jars
The Consistent Waterbottles
Foreign Body Checks
Vicious Velociraptors
Hard-Core Honey Badgers
Spanish Speed Skaters
Nepalese Nordic Skiers
Zamboners
Fearsome Flexors
Octopuck
Third Time Lucky
The Gordon Savages
The Wings of Hermes
The Beams of Apollo
Rugrats Go Wild
Harder Better Faster Pronger
Tusken Raiders
The Hadron Colliders
Eclectic Puckers
The Wampas
Cluster
Funny Old People
The One Timers
Young Wipper' Snappers'
eye puck your mama
Seductive Scorpions
Sponsored by Marc
Arrogant Anacondas
All I Do Is Win
Wildest Dreams
Macular Puckers
Awwl Be Bawk!
CL Clubbers
CIVE
Change Room 2
SE Eulers
Ephesian Six
Hutter's Hoplites
